<?xml version="1.0" encoding="UTF-8"?>
<project xmlns="http://maven.apache.org/POM/4.0.0" xmlns:xsi="http://www.w3.org/2001/XMLSchema-instance" xsi:schemaLocation="http://maven.apache.org/POM/4.0.0 http://maven.apache.org/maven-v4_0_0.xsd">
  <modelVersion>4.0.0</modelVersion>
  <groupId>ua.kpi.personal</groupId>
  <artifactId>personal-accounting-javafx</artifactId>
  <name>personal-accounting-javafx</name>
  <version>0.0.1-SNAPSHOT</version>
  <description>Desktop Personal Accounting App (JavaFX + MySQL)</description>
  <build>
    <plugins>
      <plugin>
        <artifactId>maven-compiler-plugin</artifactId>
        <version>3.11.0</version>
        <configuration>
          <source>${java.version}</source>
          <target>${java.version}</target>
        </configuration>
      </plugin>
      <plugin>
        <groupId>org.openjfx</groupId>
        <artifactId>javafx-maven-plugin</artifactId>
        <version>0.0.8</version>
        <configuration>
          <mainClass>ua.kpi.personal.MainApp</mainClass>
          <launcher>launcher</launcher>
          <jlinkZipName>personal-accounting</jlinkZipName>
          <stripDebug>true</stripDebug>
          <compress>2</compress>
          <noHeaderFiles>true</noHeaderFiles>
          <noManPages>true</noManPages>
          <addModules>javafx.controls,javafx.fxml</addModules>
        </configuration>
      </plugin>
      <plugin>
        <artifactId>maven-shade-plugin</artifactId>
        <version>3.5.0</version>
        <executions>
          <execution>
            <phase>package</phase>
            <goals>
              <goal>shade</goal>
            </goals>
            <configuration>
              <transformers>
                <transformer>
                  <mainClass>ua.kpi.personal.MainApp</mainClass>
                </transformer>
              </transformers>
            </configuration>
          </execution>
        </executions>
      </plugin>
    </plugins>
  </build>
  <dependencies>
    <dependency>
      <groupId>org.projectlombok</groupId>
      <artifactId>lombok</artifactId>
      <version>1.18.30</version>
      <scope>provided</scope>
    </dependency>
  </dependencies>
  <properties>
    <java.version>17</java.version>
    <project.build.sourceEncoding>UTF-8</project.build.sourceEncoding>
    <javafx.version>20.0.2</javafx.version>
  </properties>
</project>
